<?xml version="1.0" encoding="UTF-8"?>
<!DOCTYPE mapper PUBLIC "-//mybatis.org//DTD Mapper 3.0//EN" "http://mybatis.org/dtd/mybatis-3-mapper.dtd">
<mapper namespace="com.wimetro.cg.db.mapper.DSchedulesMapper">

    <!-- 通用查询映射结果 -->
    <resultMap id="BaseResultMap" type="com.wimetro.cg.db.entity.DSchedules">
        <id column="schedules_id" property="schedulesId" />
        <result column="schedules_name" property="schedulesName" />
        <result column="begin_time" property="beginTime" />
        <result column="end_time" property="endTime" />
        <result column="mon_flag" property="monFlag" />
        <result column="tues_flag" property="tuesFlag" />
        <result column="wed_flag" property="wedFlag" />
        <result column="thu_flag" property="thuFlag" />
        <result column="fri_flag" property="friFlag" />
        <result column="sat_flag" property="satFlag" />
        <result column="sun_flag" property="sunFlag" />
        <result column="status" property="status" />
        <result column="remark" property="remark" />
        <result column="create_by" property="createBy" />
        <result column="create_time" property="createTime" />
        <result column="update_by" property="updateBy" />
        <result column="update_time" property="updateTime" />
    </resultMap>

    <!-- 通用查询结果列 -->
    <sql id="Base_Column_List">
        schedules_id, schedules_name, begin_time, end_time, mon_flag, tues_flag, wed_flag, thu_flag, fri_flag, sat_flag, sun_flag, status, remark, create_by, create_time, update_by, update_time
    </sql>

</mapper>
