<?xml version="1.0" encoding="UTF-8"?>
<configuration scan="true" scanPeriod="60 seconds" debug="false">
    <contextName>door-gateway</contextName>
    <property name="log.path" value="log"/>
    <property name="log.maxHistory" value="30"/>
    <property name="log.colorPattern"
              value="%magenta(%d{yyyy-MM-dd HH:mm:ss}) %highlight(%-5level) %yellow(%thread) %green(%-20logger{20}) %msg%n"/>
    <property name="log.pattern" value="%d{yyyy-MM-dd HH:mm:ss} %-5level %thread %-20logger{20} %msg%n"/>

    <!--输出到控制台-->
    <appender name="console" class="ch.qos.logback.core.ConsoleAppender">
        <encoder>
            <pattern>${log.colorPattern}</pattern>
        </encoder>
    </appender>

    <!--输出到文件-->
    <appender name="file_info" class="ch.qos.logback.core.rolling.RollingFileAppender">
        <rollingPolicy class="ch.qos.logback.core.rolling.TimeBasedRollingPolicy">
            <fileNamePattern>${log.path}/info/door-gateway-info.%d{yyyy-MM-dd}.log</fileNamePattern>
            <MaxHistory>${log.maxHistory}</MaxHistory>
        </rollingPolicy>
        <encoder>
            <pattern>${log.pattern}</pattern>
        </encoder>
        <filter class="ch.qos.logback.classic.filter.LevelFilter">
            <onMatch>ACCEPT</onMatch>
            <onMismatch>DENY</onMismatch>
        </filter>
    </appender>

    <appender name="file_error" class="ch.qos.logback.core.rolling.RollingFileAppender">
        <rollingPolicy class="ch.qos.logback.core.rolling.TimeBasedRollingPolicy">
            <fileNamePattern>${log.path}/error/door-gateway-error.%d{yyyy-MM-dd}.log</fileNamePattern>
        </rollingPolicy>
        <encoder>
            <pattern>${log.pattern}</pattern>
        </encoder>
        <filter class="ch.qos.logback.classic.filter.LevelFilter">
            <level>ERROR</level>
            <onMatch>ACCEPT</onMatch>
            <onMismatch>DENY</onMismatch>
        </filter>
    </appender>

    <root level="debug">
        <appender-ref ref="console"/>
    </root>

    <root level="info">
        <appender-ref ref="file_info"/>
        <appender-ref ref="file_error"/>
    </root>
</configuration>